[
    {
        "url": "https://amtes.cz/",
        "isDone": false,
        "imagePath": "imageDownloader\\webImages\\screenshot_amtes.png"
    },
    {
        "url": "https://auta-ferove.cz",
        "isDone": false,
        "imagePath": "imageDownloader\\webImages\\screenshot_auta-ferove.png"
    },
    {
        "url": "https://autoaws.cz",
        "isDone": false,
        "imagePath": "imageDownloader\\webImages\\screenshot_autoaws.png"
    },
    {
        "url": "https://autobalvin.hyundai.cz",
        "isDone": false,
        "imagePath": "imageDownloader\\webImages\\screenshot_autobalvin.hyundai.png"
    }
]